model,R2,MAE_train,MAE_test
LinearRegression initial,0.8464200968709472,20289.33639741511,21324.92012401977
LinearRegression,0.8890653904227891,18394.347614038325,19279.34907554654
